patient_id,survived_icu
ICU_03078,0.5
ICU_00640,0.5
ICU_04603,0.5
ICU_02393,0.5
ICU_05105,0.5
ICU_03610,0.5
ICU_02576,0.5
ICU_00866,0.5
ICU_05111,0.5
ICU_01698,0.5
ICU_02863,0.5
ICU_05671,0.5
ICU_02998,0.5
ICU_05843,0.5
ICU_02691,0.5
ICU_05443,0.5
ICU_05740,0.5
ICU_03734,0.5
ICU_03233,0.5
ICU_03386,0.5
ICU_05752,0.5
ICU_05883,0.5
ICU_02394,0.5
ICU_03705,0.5
ICU_05392,0.5
ICU_04631,0.5
ICU_02844,0.5
ICU_04059,0.5
ICU_02076,0.5
ICU_04102,0.5
ICU_02216,0.5
ICU_02982,0.5
ICU_02098,0.5
ICU_03806,0.5
ICU_00300,0.5
ICU_02291,0.5
ICU_04410,0.5
ICU_03846,0.5
ICU_03949,0.5
ICU_04766,0.5
ICU_05050,0.5
ICU_04448,0.5
ICU_05567,0.5
ICU_01367,0.5
ICU_01591,0.5
ICU_01549,0.5
ICU_03742,0.5
ICU_03125,0.5
ICU_00535,0.5
ICU_00749,0.5
ICU_05798,0.5
ICU_05293,0.5
ICU_04310,0.5
ICU_04523,0.5
ICU_00258,0.5
ICU_04682,0.5
ICU_03193,0.5
ICU_05424,0.5
ICU_02790,0.5
ICU_01210,0.5
ICU_05209,0.5
ICU_01999,0.5
ICU_05228,0.5
ICU_01984,0.5
ICU_04212,0.5
ICU_05507,0.5
ICU_01101,0.5
ICU_04638,0.5
ICU_05227,0.5
ICU_04349,0.5
ICU_00864,0.5
ICU_00679,0.5
ICU_00412,0.5
ICU_04342,0.5
ICU_04489,0.5
ICU_00342,0.5
ICU_01917,0.5
ICU_04284,0.5
ICU_05901,0.5
ICU_02692,0.5
ICU_05632,0.5
ICU_04937,0.5
ICU_01020,0.5
ICU_02848,0.5
ICU_04015,0.5
ICU_04981,0.5
ICU_05641,0.5
ICU_03559,0.5
ICU_02217,0.5
ICU_04285,0.5
ICU_05379,0.5
ICU_02530,0.5
ICU_01641,0.5
ICU_05130,0.5
ICU_01757,0.5
ICU_00580,0.5
ICU_01593,0.5
ICU_05597,0.5
ICU_04524,0.5
ICU_00399,0.5
ICU_04197,0.5
ICU_04655,0.5
ICU_00714,0.5
ICU_01928,0.5
ICU_01552,0.5
ICU_01658,0.5
ICU_02048,0.5
ICU_03691,0.5
ICU_00683,0.5
ICU_03762,0.5
ICU_03473,0.5
ICU_00257,0.5
ICU_01403,0.5
ICU_04696,0.5
ICU_05036,0.5
ICU_03104,0.5
ICU_03974,0.5
ICU_01808,0.5
ICU_02960,0.5
ICU_03399,0.5
ICU_02694,0.5
ICU_01116,0.5
ICU_04836,0.5
ICU_05395,0.5
ICU_05574,0.5
ICU_05715,0.5
ICU_01383,0.5
ICU_02484,0.5
ICU_04316,0.5
ICU_03844,0.5
ICU_02295,0.5
ICU_00104,0.5
ICU_05689,0.5
ICU_01321,0.5
ICU_02100,0.5
ICU_00841,0.5
ICU_03371,0.5
ICU_00076,0.5
ICU_00663,0.5
ICU_05373,0.5
ICU_01144,0.5
ICU_03521,0.5
ICU_01074,0.5
ICU_00425,0.5
ICU_05433,0.5
ICU_01645,0.5
ICU_01151,0.5
ICU_03898,0.5
ICU_01021,0.5
ICU_02567,0.5
ICU_03034,0.5
ICU_05642,0.5
ICU_04208,0.5
ICU_01308,0.5
ICU_05269,0.5
ICU_05174,0.5
ICU_02672,0.5
ICU_00907,0.5
ICU_01447,0.5
ICU_05312,0.5
ICU_05147,0.5
ICU_01583,0.5
ICU_01289,0.5
ICU_03189,0.5
ICU_05483,0.5
ICU_01669,0.5
ICU_01214,0.5
ICU_04899,0.5
ICU_04612,0.5
ICU_05289,0.5
ICU_02621,0.5
ICU_03919,0.5
ICU_04336,0.5
ICU_05124,0.5
ICU_01491,0.5
ICU_03989,0.5
ICU_00021,0.5
ICU_01527,0.5
ICU_00299,0.5
ICU_03543,0.5
ICU_01054,0.5
ICU_01401,0.5
ICU_04359,0.5
ICU_03345,0.5
ICU_03662,0.5
ICU_05708,0.5
ICU_02136,0.5
ICU_05714,0.5
ICU_03200,0.5
ICU_03722,0.5
ICU_04141,0.5
ICU_05166,0.5
ICU_00762,0.5
ICU_00578,0.5
ICU_05058,0.5
ICU_05039,0.5
ICU_00401,0.5
ICU_00869,0.5
ICU_05220,0.5
ICU_05747,0.5
ICU_04913,0.5
ICU_01731,0.5
ICU_03004,0.5
ICU_01002,0.5
ICU_00336,0.5
ICU_03463,0.5
ICU_05318,0.5
ICU_01193,0.5
ICU_02438,0.5
ICU_05002,0.5
ICU_02004,0.5
ICU_02765,0.5
ICU_03305,0.5
ICU_03434,0.5
ICU_02799,0.5
ICU_05629,0.5
ICU_04132,0.5
ICU_05753,0.5
ICU_01507,0.5
ICU_04030,0.5
ICU_04568,0.5
ICU_04333,0.5
ICU_00325,0.5
ICU_03136,0.5
ICU_02206,0.5
ICU_00051,0.5
ICU_01790,0.5
ICU_01465,0.5
ICU_01035,0.5
ICU_02857,0.5
ICU_02179,0.5
ICU_02189,0.5
ICU_01335,0.5
ICU_05858,0.5
ICU_02431,0.5
ICU_03838,0.5
ICU_05936,0.5
ICU_03937,0.5
ICU_05125,0.5
ICU_00806,0.5
ICU_03334,0.5
ICU_04367,0.5
ICU_04635,0.5
ICU_02156,0.5
ICU_03240,0.5
ICU_03946,0.5
ICU_03564,0.5
ICU_02730,0.5
ICU_02807,0.5
ICU_00048,0.5
ICU_03401,0.5
ICU_02605,0.5
ICU_05306,0.5
ICU_01534,0.5
ICU_03741,0.5
ICU_02648,0.5
ICU_02772,0.5
ICU_05488,0.5
ICU_00548,0.5
ICU_05349,0.5
ICU_00998,0.5
ICU_03196,0.5
ICU_04777,0.5
ICU_00807,0.5
ICU_05162,0.5
ICU_05240,0.5
ICU_02836,0.5
ICU_02421,0.5
ICU_04692,0.5
ICU_00230,0.5
ICU_03678,0.5
ICU_03936,0.5
ICU_05500,0.5
ICU_04007,0.5
ICU_05163,0.5
ICU_01394,0.5
ICU_03359,0.5
ICU_03910,0.5
ICU_05559,0.5
ICU_05659,0.5
ICU_00842,0.5
ICU_02241,0.5
ICU_04371,0.5
ICU_05888,0.5
ICU_05999,0.5
ICU_05585,0.5
ICU_05931,0.5
ICU_03522,0.5
ICU_03698,0.5
ICU_01688,0.5
ICU_02601,0.5
ICU_00980,0.5
ICU_00566,0.5
ICU_01872,0.5
ICU_01198,0.5
ICU_01141,0.5
ICU_03203,0.5
ICU_00562,0.5
ICU_00331,0.5
ICU_03154,0.5
ICU_02247,0.5
ICU_02738,0.5
ICU_02529,0.5
ICU_05258,0.5
ICU_01587,0.5
ICU_04648,0.5
ICU_01690,0.5
ICU_00414,0.5
ICU_05678,0.5
ICU_02894,0.5
ICU_05200,0.5
ICU_01197,0.5
ICU_00629,0.5
ICU_05919,0.5
ICU_04100,0.5
ICU_00946,0.5
ICU_04938,0.5
ICU_01639,0.5
ICU_02594,0.5
ICU_03603,0.5
ICU_03222,0.5
ICU_04145,0.5
ICU_03625,0.5
ICU_00047,0.5
ICU_01769,0.5
ICU_02297,0.5
ICU_05409,0.5
ICU_04900,0.5
ICU_05339,0.5
ICU_00568,0.5
ICU_01733,0.5
ICU_00259,0.5
ICU_03508,0.5
ICU_04762,0.5
ICU_03812,0.5
ICU_00221,0.5
ICU_02854,0.5
ICU_00077,0.5
ICU_02727,0.5
ICU_02276,0.5
ICU_04341,0.5
ICU_03645,0.5
ICU_01301,0.5
ICU_00003,0.5
ICU_00709,0.5
ICU_04388,0.5
ICU_04687,0.5
ICU_05438,0.5
ICU_03541,0.5
ICU_04973,0.5
ICU_03918,0.5
ICU_05693,0.5
ICU_03906,0.5
ICU_02044,0.5
ICU_04646,0.5
ICU_04823,0.5
ICU_04961,0.5
ICU_05020,0.5
ICU_02770,0.5
ICU_01832,0.5
ICU_01300,0.5
ICU_04663,0.5
ICU_05302,0.5
ICU_01501,0.5
ICU_00924,0.5
ICU_02474,0.5
ICU_02930,0.5
ICU_01812,0.5
ICU_05637,0.5
ICU_01766,0.5
ICU_04339,0.5
ICU_01455,0.5
ICU_01608,0.5
ICU_04816,0.5
ICU_03377,0.5
ICU_03764,0.5
ICU_03983,0.5
ICU_03504,0.5
ICU_03921,0.5
ICU_00134,0.5
ICU_02681,0.5
ICU_01839,0.5
ICU_01147,0.5
ICU_02839,0.5
ICU_04703,0.5
ICU_01204,0.5
ICU_02885,0.5
ICU_05917,0.5
ICU_04755,0.5
ICU_02334,0.5
ICU_02281,0.5
ICU_00987,0.5
ICU_00819,0.5
ICU_04820,0.5
ICU_02688,0.5
ICU_03596,0.5
ICU_03841,0.5
ICU_02748,0.5
ICU_04297,0.5
ICU_05785,0.5
ICU_00708,0.5
ICU_00881,0.5
ICU_03036,0.5
ICU_04751,0.5
ICU_02720,0.5
ICU_05206,0.5
ICU_00892,0.5
ICU_03630,0.5
ICU_01949,0.5
ICU_04404,0.5
ICU_05251,0.5
ICU_05862,0.5
ICU_02444,0.5
ICU_05787,0.5
ICU_04870,0.5
ICU_03294,0.5
ICU_01845,0.5
ICU_02144,0.5
ICU_02611,0.5
ICU_01598,0.5
ICU_05688,0.5
ICU_05118,0.5
ICU_03242,0.5
ICU_03864,0.5
ICU_02786,0.5
ICU_03217,0.5
ICU_03545,0.5
ICU_01763,0.5
ICU_04091,0.5
ICU_03547,0.5
ICU_02907,0.5
ICU_05468,0.5
ICU_01722,0.5
ICU_03074,0.5
ICU_01115,0.5
ICU_00676,0.5
ICU_02967,0.5
ICU_00482,0.5
ICU_02612,0.5
ICU_00405,0.5
ICU_01077,0.5
ICU_02481,0.5
ICU_01326,0.5
ICU_00254,0.5
ICU_02540,0.5
ICU_00931,0.5
ICU_00394,0.5
ICU_03883,0.5
ICU_04628,0.5
ICU_03064,0.5
ICU_03578,0.5
ICU_02787,0.5
ICU_02282,0.5
ICU_03586,0.5
ICU_04852,0.5
ICU_00256,0.5
ICU_01098,0.5
ICU_04458,0.5
ICU_04552,0.5
ICU_02222,0.5
ICU_01384,0.5
ICU_04846,0.5
ICU_04528,0.5
ICU_03615,0.5
ICU_01312,0.5
ICU_01426,0.5
ICU_00639,0.5
ICU_03206,0.5
ICU_01814,0.5
ICU_02959,0.5
ICU_05225,0.5
ICU_04080,0.5
ICU_04667,0.5
ICU_03944,0.5
ICU_02728,0.5
ICU_00107,0.5
ICU_01858,0.5
ICU_02545,0.5
ICU_04107,0.5
ICU_00721,0.5
ICU_04598,0.5
ICU_01670,0.5
ICU_03580,0.5
ICU_03598,0.5
ICU_05737,0.5
ICU_02615,0.5
ICU_05811,0.5
ICU_03960,0.5
ICU_00628,0.5
ICU_03326,0.5
ICU_04014,0.5
ICU_05850,0.5
ICU_00765,0.5
ICU_01058,0.5
ICU_01450,0.5
ICU_05926,0.5
ICU_00908,0.5
ICU_05893,0.5
ICU_05008,0.5
ICU_05912,0.5
ICU_02904,0.5
ICU_00318,0.5
ICU_02258,0.5
ICU_04985,0.5
ICU_04840,0.5
ICU_02406,0.5
ICU_02147,0.5
ICU_02459,0.5
ICU_05142,0.5
ICU_04055,0.5
ICU_02924,0.5
ICU_03977,0.5
ICU_00187,0.5
ICU_05782,0.5
ICU_05723,0.5
ICU_04678,0.5
ICU_03416,0.5
ICU_05476,0.5
ICU_03984,0.5
ICU_05453,0.5
ICU_02642,0.5
ICU_01392,0.5
ICU_02060,0.5
ICU_03716,0.5
ICU_01773,0.5
ICU_05284,0.5
ICU_01496,0.5
ICU_05281,0.5
ICU_04438,0.5
ICU_04874,0.5
ICU_02624,0.5
ICU_00074,0.5
ICU_02161,0.5
ICU_04207,0.5
ICU_03002,0.5
ICU_01819,0.5
ICU_05788,0.5
ICU_05587,0.5
ICU_00830,0.5
ICU_03314,0.5
ICU_04475,0.5
ICU_05949,0.5
ICU_03376,0.5
ICU_01285,0.5
ICU_04719,0.5
ICU_03602,0.5
ICU_05288,0.5
ICU_02963,0.5
ICU_03981,0.5
ICU_05363,0.5
ICU_05790,0.5
ICU_00008,0.5
ICU_03035,0.5
ICU_05841,0.5
ICU_03260,0.5
ICU_00430,0.5
ICU_04065,0.5
ICU_04788,0.5
ICU_01322,0.5
ICU_04053,0.5
ICU_04352,0.5
ICU_04717,0.5
ICU_04581,0.5
ICU_04290,0.5
ICU_05472,0.5
ICU_02097,0.5
ICU_05143,0.5
ICU_04854,0.5
ICU_01009,0.5
ICU_04106,0.5
ICU_04017,0.5
ICU_04942,0.5
ICU_01809,0.5
ICU_04580,0.5
ICU_04234,0.5
ICU_02339,0.5
ICU_02812,0.5
ICU_00932,0.5
ICU_04939,0.5
ICU_02989,0.5
ICU_03703,0.5
ICU_00160,0.5
ICU_02830,0.5
ICU_02188,0.5
ICU_04689,0.5
ICU_01540,0.5
ICU_04286,0.5
ICU_00511,0.5
ICU_03315,0.5
ICU_04255,0.5
ICU_05155,0.5
ICU_04079,0.5
ICU_03834,0.5
ICU_02104,0.5
ICU_02811,0.5
ICU_01838,0.5
ICU_04853,0.5
ICU_00478,0.5
ICU_05158,0.5
ICU_01859,0.5
ICU_02603,0.5
ICU_03266,0.5
ICU_00362,0.5
ICU_01567,0.5
ICU_00572,0.5
ICU_03364,0.5
ICU_05939,0.5
ICU_01957,0.5
ICU_05971,0.5
ICU_05498,0.5
ICU_01561,0.5
ICU_02802,0.5
ICU_02618,0.5
ICU_00690,0.5
ICU_00699,0.5
ICU_02846,0.5
ICU_04525,0.5
ICU_05820,0.5
ICU_03163,0.5
ICU_02359,0.5
ICU_02155,0.5
ICU_04813,0.5
ICU_01661,0.5
ICU_00747,0.5
ICU_01262,0.5
ICU_01792,0.5
ICU_01737,0.5
ICU_00158,0.5
ICU_02465,0.5
ICU_05759,0.5
ICU_05075,0.5
ICU_05700,0.5
ICU_00057,0.5
ICU_00638,0.5
ICU_05606,0.5
ICU_00552,0.5
ICU_02453,0.5
ICU_05010,0.5
ICU_00348,0.5
ICU_00895,0.5
ICU_03226,0.5
ICU_00133,0.5
ICU_02083,0.5
ICU_02934,0.5
ICU_03298,0.5
ICU_01379,0.5
ICU_05951,0.5
ICU_00736,0.5
ICU_03165,0.5
ICU_03735,0.5
ICU_05390,0.5
ICU_05965,0.5
ICU_05446,0.5
ICU_02722,0.5
ICU_01740,0.5
ICU_05253,0.5
ICU_01190,0.5
ICU_00816,0.5
ICU_05657,0.5
ICU_02205,0.5
ICU_04113,0.5
ICU_04847,0.5
ICU_00719,0.5
ICU_03025,0.5
ICU_01943,0.5
ICU_03797,0.5
ICU_04877,0.5
ICU_03173,0.5
ICU_01865,0.5
ICU_04491,0.5
ICU_05608,0.5
ICU_05331,0.5
ICU_01350,0.5
ICU_04855,0.5
ICU_01754,0.5
ICU_01139,0.5
ICU_04370,0.5
ICU_01864,0.5
ICU_01699,0.5
ICU_02040,0.5
ICU_00975,0.5
ICU_00740,0.5
ICU_05421,0.5
ICU_03897,0.5
ICU_03517,0.5
ICU_03555,0.5
ICU_02466,0.5
ICU_05839,0.5
ICU_04539,0.5
ICU_03286,0.5
ICU_02035,0.5
ICU_02840,0.5
ICU_00558,0.5
ICU_05311,0.5
ICU_01979,0.5
ICU_00055,0.5
ICU_04112,0.5
ICU_00194,0.5
ICU_03024,0.5
ICU_05526,0.5
ICU_00016,0.5
ICU_01543,0.5
ICU_02767,0.5
ICU_03952,0.5
ICU_05822,0.5
ICU_05183,0.5
ICU_02958,0.5
ICU_02200,0.5
ICU_00499,0.5
ICU_03752,0.5
ICU_02829,0.5
ICU_01573,0.5
ICU_03926,0.5
ICU_04660,0.5
ICU_04028,0.5
ICU_03643,0.5
ICU_01868,0.5
ICU_05497,0.5
ICU_02020,0.5
ICU_01781,0.5
ICU_00825,0.5
ICU_00513,0.5
ICU_03857,0.5
ICU_02227,0.5
ICU_01136,0.5
ICU_02699,0.5
ICU_04565,0.5
ICU_02663,0.5
ICU_04029,0.5
ICU_05091,0.5
ICU_04690,0.5
ICU_05213,0.5
ICU_04553,0.5
ICU_04064,0.5
ICU_03039,0.5
ICU_05801,0.5
ICU_04428,0.5
ICU_03840,0.5
ICU_03913,0.5
ICU_05064,0.5
ICU_05754,0.5
ICU_03480,0.5
ICU_00835,0.5
ICU_04481,0.5
ICU_03300,0.5
ICU_05961,0.5
ICU_02543,0.5
ICU_01298,0.5
ICU_02622,0.5
ICU_00986,0.5
ICU_04765,0.5
ICU_00735,0.5
ICU_01505,0.5
ICU_03861,0.5
ICU_03557,0.5
ICU_04253,0.5
ICU_01084,0.5
ICU_05490,0.5
ICU_03865,0.5
ICU_05062,0.5
ICU_05890,0.5
ICU_00484,0.5
ICU_03963,0.5
ICU_00801,0.5
ICU_03409,0.5
ICU_03738,0.5
ICU_04543,0.5
ICU_01485,0.5
ICU_04545,0.5
ICU_04460,0.5
ICU_02307,0.5
ICU_00113,0.5
ICU_04589,0.5
ICU_05594,0.5
ICU_05077,0.5
ICU_05038,0.5
ICU_01083,0.5
ICU_01810,0.5
ICU_01171,0.5
ICU_01374,0.5
ICU_02741,0.5
ICU_00204,0.5
ICU_02415,0.5
ICU_02218,0.5
ICU_00140,0.5
ICU_00528,0.5
ICU_04075,0.5
ICU_02137,0.5
ICU_01764,0.5
ICU_04196,0.5
ICU_01960,0.5
ICU_01741,0.5
ICU_05720,0.5
ICU_03111,0.5
ICU_02440,0.5
ICU_00918,0.5
ICU_05457,0.5
ICU_00954,0.5
ICU_01861,0.5
ICU_04656,0.5
ICU_04868,0.5
ICU_01797,0.5
ICU_03617,0.5
ICU_05508,0.5
ICU_03406,0.5
ICU_00289,0.5
ICU_05074,0.5
ICU_03588,0.5
ICU_04955,0.5
ICU_05533,0.5
ICU_04808,0.5
ICU_02521,0.5
ICU_04775,0.5
ICU_01855,0.5
ICU_00064,0.5
ICU_05127,0.5
ICU_05034,0.5
ICU_00274,0.5
ICU_00536,0.5
ICU_05662,0.5
ICU_00518,0.5
ICU_05348,0.5
ICU_03372,0.5
ICU_00586,0.5
ICU_05719,0.5
ICU_00626,0.5
ICU_01385,0.5
ICU_04967,0.5
ICU_03731,0.5
ICU_02426,0.5
ICU_05315,0.5
ICU_04750,0.5
ICU_00315,0.5
ICU_01926,0.5
ICU_04130,0.5
ICU_01710,0.5
ICU_02881,0.5
ICU_04486,0.5
ICU_02327,0.5
ICU_04605,0.5
ICU_02367,0.5
ICU_03133,0.5
ICU_02595,0.5
ICU_04542,0.5
ICU_00500,0.5
ICU_05552,0.5
ICU_03464,0.5
ICU_00100,0.5
ICU_01264,0.5
ICU_01671,0.5
ICU_04324,0.5
ICU_00971,0.5
ICU_01924,0.5
ICU_05167,0.5
ICU_05736,0.5
ICU_04922,0.5
ICU_04072,0.5
ICU_03577,0.5
ICU_04828,0.5
ICU_05165,0.5
ICU_00420,0.5
ICU_03148,0.5
ICU_00231,0.5
ICU_00404,0.5
ICU_02475,0.5
ICU_01516,0.5
ICU_03688,0.5
ICU_03778,0.5
ICU_00710,0.5
ICU_05844,0.5
ICU_05322,0.5
ICU_00576,0.5
ICU_04254,0.5
ICU_00280,0.5
ICU_02120,0.5
ICU_04609,0.5
ICU_03509,0.5
ICU_00973,0.5
ICU_00212,0.5
ICU_01530,0.5
ICU_02352,0.5
ICU_03491,0.5
ICU_04923,0.5
ICU_01295,0.5
ICU_05963,0.5
ICU_00002,0.5
ICU_04143,0.5
ICU_05080,0.5
ICU_00859,0.5
ICU_05593,0.5
ICU_02238,0.5
ICU_03016,0.5
ICU_05168,0.5
ICU_02081,0.5
ICU_00843,0.5
ICU_02455,0.5
ICU_04221,0.5
ICU_04320,0.5
ICU_05834,0.5
ICU_02463,0.5
ICU_02751,0.5
ICU_02584,0.5
ICU_05595,0.5
ICU_01676,0.5
ICU_04644,0.5
ICU_00101,0.5
ICU_00061,0.5
ICU_03814,0.5
ICU_00963,0.5
ICU_01989,0.5
ICU_05941,0.5
ICU_05874,0.5
ICU_03766,0.5
ICU_04024,0.5
ICU_00180,0.5
ICU_02673,0.5
ICU_00792,0.5
ICU_05298,0.5
ICU_05648,0.5
ICU_01199,0.5
ICU_00577,0.5
ICU_05694,0.5
ICU_03713,0.5
ICU_04330,0.5
ICU_02344,0.5
ICU_05224,0.5
ICU_00984,0.5
ICU_00970,0.5
ICU_04018,0.5
ICU_04652,0.5
ICU_00812,0.5
ICU_03375,0.5
ICU_00456,0.5
ICU_05910,0.5
ICU_00538,0.5
ICU_02975,0.5
ICU_03538,0.5
ICU_05925,0.5
ICU_01428,0.5
ICU_02398,0.5
ICU_03454,0.5
ICU_01276,0.5
ICU_02837,0.5
ICU_01368,0.5
ICU_03851,0.5
ICU_03810,0.5
ICU_01635,0.5
ICU_00089,0.5
ICU_02039,0.5
ICU_00604,0.5
ICU_05517,0.5
ICU_04056,0.5
ICU_04183,0.5
ICU_01827,0.5
ICU_00608,0.5
ICU_00253,0.5
ICU_00677,0.5
ICU_03621,0.5
ICU_04356,0.5
ICU_02698,0.5
ICU_03460,0.5
ICU_05691,0.5
ICU_00066,0.5
ICU_01939,0.5
ICU_00756,0.5
ICU_02619,0.5
ICU_05681,0.5
ICU_03028,0.5
ICU_00993,0.5
ICU_03784,0.5
ICU_04219,0.5
ICU_01935,0.5
ICU_01780,0.5
ICU_04249,0.5
ICU_03476,0.5
ICU_05377,0.5
ICU_03686,0.5
ICU_01929,0.5
ICU_05674,0.5
ICU_04419,0.5
ICU_05131,0.5
ICU_00018,0.5
ICU_00900,0.5
ICU_00032,0.5
ICU_04157,0.5
ICU_03911,0.5
ICU_02753,0.5
ICU_03229,0.5
ICU_04760,0.5
ICU_01444,0.5
ICU_01656,0.5
ICU_04958,0.5
ICU_02841,0.5
ICU_03799,0.5
ICU_03013,0.5
ICU_05173,0.5
ICU_01495,0.5
ICU_04738,0.5
ICU_01353,0.5
ICU_00694,0.5
ICU_03092,0.5
ICU_02208,0.5
ICU_05739,0.5
ICU_03511,0.5
ICU_02135,0.5
ICU_04606,0.5
ICU_02193,0.5
ICU_05388,0.5
ICU_05701,0.5
ICU_00453,0.5
ICU_04872,0.5
ICU_02873,0.5
ICU_05083,0.5
ICU_04555,0.5
ICU_05743,0.5
ICU_03071,0.5
ICU_05982,0.5
ICU_04445,0.5
ICU_03721,0.5
ICU_02025,0.5
ICU_02245,0.5
ICU_00630,0.5
ICU_05350,0.5
ICU_04590,0.5
ICU_02964,0.5
ICU_05108,0.5
ICU_03003,0.5
ICU_05481,0.5
ICU_02747,0.5
ICU_00560,0.5
ICU_04971,0.5
ICU_03975,0.5
ICU_01511,0.5
ICU_03908,0.5
ICU_03236,0.5
ICU_01578,0.5
ICU_00882,0.5
ICU_00704,0.5
ICU_02791,0.5
ICU_02255,0.5
ICU_01931,0.5
ICU_05988,0.5
ICU_00147,0.5
ICU_02875,0.5
ICU_05198,0.5
ICU_04361,0.5
ICU_04305,0.5
ICU_00265,0.5
ICU_00034,0.5
ICU_02805,0.5
ICU_04163,0.5
ICU_01703,0.5
ICU_00385,0.5
ICU_02793,0.5
ICU_00110,0.5
ICU_05347,0.5
ICU_03757,0.5
ICU_01333,0.5
ICU_02887,0.5
ICU_05702,0.5
ICU_04664,0.5
ICU_01316,0.5
ICU_00893,0.5
ICU_05760,0.5
ICU_02951,0.5
ICU_03336,0.5
ICU_03390,0.5
ICU_02230,0.5
ICU_02697,0.5
ICU_02847,0.5
ICU_02503,0.5
ICU_02450,0.5
ICU_00132,0.5
ICU_03597,0.5
ICU_00730,0.5
ICU_04382,0.5
ICU_04088,0.5
ICU_05680,0.5
ICU_03332,0.5
ICU_01248,0.5
ICU_02932,0.5
ICU_00085,0.5
ICU_05403,0.5
ICU_03871,0.5
ICU_01969,0.5
ICU_03743,0.5
ICU_05400,0.5
ICU_02079,0.5
ICU_03808,0.5
ICU_01785,0.5
ICU_01259,0.5
ICU_02447,0.5
ICU_01784,0.5
ICU_01148,0.5
ICU_05316,0.5
ICU_03402,0.5
ICU_00390,0.5
ICU_02186,0.5
ICU_00880,0.5
ICU_00358,0.5
ICU_03915,0.5
ICU_05337,0.5
ICU_05327,0.5
ICU_02317,0.5
ICU_05335,0.5
ICU_01862,0.5
ICU_01945,0.5
ICU_03370,0.5
ICU_04334,0.5
ICU_00200,0.5
ICU_02537,0.5
ICU_00384,0.5
ICU_04103,0.5
ICU_05954,0.5
ICU_03699,0.5
ICU_00218,0.5
ICU_00544,0.5
ICU_05529,0.5
ICU_05932,0.5
ICU_01968,0.5
ICU_03943,0.5
ICU_01427,0.5
ICU_00144,0.5
ICU_03253,0.5
ICU_00427,0.5
ICU_03894,0.5
ICU_02331,0.5
ICU_02449,0.5
ICU_01233,0.5
ICU_05129,0.5
ICU_00546,0.5
ICU_00397,0.5
ICU_05412,0.5
ICU_00754,0.5
ICU_04019,0.5
ICU_02979,0.5
ICU_01626,0.5
ICU_00655,0.5
ICU_01220,0.5
ICU_00377,0.5
ICU_03656,0.5
ICU_02224,0.5
ICU_03479,0.5
ICU_02252,0.5
ICU_01533,0.5
ICU_03947,0.5
ICU_04661,0.5
ICU_05205,0.5
ICU_02324,0.5
ICU_03109,0.5
ICU_05287,0.5
ICU_02999,0.5
ICU_02880,0.5
ICU_04886,0.5
ICU_05246,0.5
ICU_05406,0.5
ICU_04500,0.5
ICU_02270,0.5
ICU_03687,0.5
ICU_01475,0.5
ICU_04651,0.5
ICU_04348,0.5
ICU_05530,0.5
ICU_00794,0.5
ICU_04153,0.5
ICU_02141,0.5
ICU_00824,0.5
ICU_04722,0.5
ICU_05180,0.5
ICU_01339,0.5
ICU_00252,0.5
ICU_05030,0.5
ICU_05305,0.5
ICU_02806,0.5
ICU_02719,0.5
ICU_01342,0.5
ICU_01575,0.5
ICU_02326,0.5
ICU_04659,0.5
ICU_04892,0.5
ICU_04087,0.5
ICU_04533,0.5
ICU_03350,0.5
ICU_05462,0.5
ICU_01708,0.5
ICU_04960,0.5
ICU_05067,0.5
ICU_05431,0.5
ICU_04115,0.5
ICU_05541,0.5
ICU_02495,0.5
ICU_04772,0.5
ICU_05436,0.5
ICU_04128,0.5
ICU_02843,0.5
ICU_04231,0.5
ICU_02563,0.5
ICU_05496,0.5
ICU_00942,0.5
ICU_04159,0.5
ICU_05073,0.5
ICU_03257,0.5
ICU_03853,0.5
ICU_01915,0.5
ICU_05057,0.5
ICU_04496,0.5
ICU_01476,0.5
ICU_05881,0.5
ICU_02239,0.5
ICU_04273,0.5
ICU_01377,0.5
ICU_03282,0.5
ICU_01414,0.5
ICU_01022,0.5
ICU_05237,0.5
ICU_03612,0.5
ICU_05663,0.5
ICU_05234,0.5
ICU_02675,0.5
ICU_05140,0.5
ICU_03976,0.5
ICU_01923,0.5
ICU_04347,0.5
ICU_02476,0.5
ICU_03884,0.5
ICU_04061,0.5
ICU_00370,0.5
ICU_01186,0.5
ICU_01464,0.5
ICU_02666,0.5
ICU_05873,0.5
ICU_04674,0.5
ICU_02373,0.5
ICU_03141,0.5
ICU_01586,0.5
ICU_00786,0.5
ICU_01089,0.5
ICU_02816,0.5
ICU_03219,0.5
ICU_02403,0.5
ICU_05099,0.5
ICU_00770,0.5
ICU_01420,0.5
ICU_02690,0.5
ICU_03469,0.5
ICU_00419,0.5
ICU_03393,0.5
ICU_01753,0.5
ICU_03368,0.5
ICU_03914,0.5
ICU_02001,0.5
ICU_00389,0.5
ICU_01078,0.5
ICU_03001,0.5
ICU_04311,0.5
ICU_05775,0.5
ICU_01133,0.5
ICU_03852,0.5
ICU_01820,0.5
ICU_01396,0.5
ICU_00958,0.5
ICU_00917,0.5
ICU_00609,0.5
ICU_05765,0.5
ICU_03117,0.5
ICU_03213,0.5
ICU_05652,0.5
ICU_04399,0.5
ICU_01149,0.5
ICU_05812,0.5
ICU_05555,0.5
ICU_05035,0.5
ICU_04814,0.5
ICU_03478,0.5
ICU_01826,0.5
ICU_02178,0.5
ICU_03660,0.5
ICU_01182,0.5
ICU_03896,0.5
ICU_05291,0.5
ICU_00375,0.5
ICU_04966,0.5
ICU_04649,0.5
ICU_04851,0.5
ICU_01562,0.5
ICU_00974,0.5
ICU_01107,0.5
ICU_01127,0.5
ICU_01752,0.5
ICU_03458,0.5
ICU_05854,0.5
ICU_04563,0.5
ICU_04945,0.5
ICU_05734,0.5
ICU_04897,0.5
ICU_00151,0.5
ICU_02298,0.5
ICU_04186,0.5
ICU_05182,0.5
ICU_02860,0.5
ICU_04263,0.5
ICU_02036,0.5
ICU_01446,0.5
ICU_03205,0.5
ICU_02684,0.5
ICU_05499,0.5
ICU_03526,0.5
ICU_03902,0.5
ICU_04726,0.5
ICU_00669,0.5
ICU_03023,0.5
ICU_03449,0.5
ICU_01347,0.5
ICU_03027,0.5
ICU_03355,0.5
ICU_01558,0.5
ICU_02853,0.5
ICU_03462,0.5
ICU_02905,0.5
ICU_01823,0.5
ICU_04572,0.5
ICU_02539,0.5
ICU_02991,0.5
ICU_03777,0.5
ICU_02126,0.5
ICU_01508,0.5
ICU_04529,0.5
ICU_02078,0.5
ICU_05577,0.5
ICU_04558,0.5
ICU_02589,0.5
ICU_03572,0.5
ICU_03826,0.5
ICU_04214,0.5
ICU_01287,0.5
ICU_05601,0.5
ICU_01019,0.5
ICU_03045,0.5
ICU_02228,0.5
ICU_01494,0.5
ICU_05273,0.5
ICU_03725,0.5
ICU_00666,0.5
ICU_01604,0.5
ICU_00302,0.5
ICU_05897,0.5
ICU_00408,0.5
ICU_05598,0.5
ICU_01912,0.5
ICU_03414,0.5
ICU_03086,0.5
ICU_03697,0.5
ICU_02103,0.5
ICU_05967,0.5
ICU_01349,0.5
ICU_03291,0.5
ICU_02347,0.5
ICU_01572,0.5
ICU_05763,0.5
ICU_00437,0.5
ICU_01571,0.5
ICU_04718,0.5
ICU_01936,0.5
ICU_04187,0.5
ICU_05114,0.5
ICU_00344,0.5
ICU_05042,0.5
ICU_01620,0.5
ICU_03661,0.5
ICU_00837,0.5
ICU_01615,0.5
ICU_02046,0.5
ICU_03264,0.5
ICU_03498,0.5
ICU_02248,0.5
ICU_04194,0.5
ICU_01079,0.5
ICU_01016,0.5
ICU_01036,0.5
ICU_00279,0.5
ICU_05542,0.5
ICU_00379,0.5
ICU_02482,0.5
ICU_00613,0.5
ICU_05536,0.5
ICU_03360,0.5
ICU_05250,0.5
ICU_02113,0.5
ICU_02386,0.5
ICU_03837,0.5
ICU_01265,0.5
ICU_02207,0.5
ICU_02556,0.5
ICU_02995,0.5
ICU_00682,0.5
ICU_02597,0.5
ICU_03506,0.5
ICU_04670,0.5
ICU_03889,0.5
ICU_03098,0.5
ICU_03924,0.5
ICU_01954,0.5
ICU_02088,0.5
ICU_02638,0.5
ICU_00157,0.5
ICU_04346,0.5
ICU_01718,0.5
ICU_05235,0.5
ICU_04050,0.5
ICU_03438,0.5
ICU_03670,0.5
ICU_05430,0.5
ICU_04757,0.5
ICU_01366,0.5
ICU_02939,0.5
ICU_05970,0.5
ICU_03815,0.5
ICU_03633,0.5
ICU_02501,0.5
ICU_03247,0.5
ICU_03676,0.5
ICU_00313,0.5
ICU_00553,0.5
ICU_02579,0.5
ICU_01460,0.5
ICU_05876,0.5
ICU_02687,0.5
ICU_00120,0.5
ICU_02510,0.5
ICU_00496,0.5
ICU_02129,0.5
ICU_05101,0.5
ICU_00621,0.5
ICU_00571,0.5
ICU_02961,0.5
ICU_03120,0.5
ICU_02614,0.5
ICU_03207,0.5
ICU_05243,0.5
ICU_05616,0.5
ICU_04713,0.5
ICU_00260,0.5
ICU_03250,0.5
ICU_00179,0.5
ICU_03684,0.5
ICU_02096,0.5
ICU_02160,0.5
ICU_02278,0.5
ICU_02926,0.5
ICU_05855,0.5
ICU_02740,0.5
ICU_01606,0.5
ICU_00601,0.5
ICU_04807,0.5
ICU_03195,0.5
ICU_05268,0.5
ICU_03530,0.5
ICU_04776,0.5
ICU_00599,0.5
ICU_02461,0.5
ICU_04372,0.5
ICU_03593,0.5
ICU_01525,0.5
ICU_00117,0.5
ICU_03271,0.5
ICU_02558,0.5
ICU_03363,0.5
ICU_05772,0.5
ICU_00328,0.5
ICU_03289,0.5
ICU_05626,0.5
ICU_00228,0.5
ICU_01059,0.5
ICU_04312,0.5
ICU_03770,0.5
ICU_05432,0.5
ICU_00979,0.5
ICU_05848,0.5
ICU_04199,0.5
ICU_05735,0.5
ICU_04387,0.5
ICU_03119,0.5
ICU_05523,0.5
ICU_03327,0.5
ICU_04908,0.5
ICU_04875,0.5
ICU_00025,0.5
ICU_04768,0.5
ICU_05355,0.5
ICU_01343,0.5
ICU_05992,0.5
ICU_04176,0.5
ICU_03457,0.5
ICU_03991,0.5
ICU_01651,0.5
ICU_03653,0.5
ICU_04780,0.5
ICU_05722,0.5
ICU_01348,0.5
ICU_02315,0.5
